year,name,sex,count
yob1880.txt,Mary,F,7065
yob1880.txt,James,F,22
yob1880.txt,Leslie,F,8
yob1880.txt,James,M,5927
yob1880.txt,Leslie,M,79
yob1880.txt,Donald,M,46
yob1880.txt,Mary,M,27
yob1880.txt,Logan,M,13
yob1881.txt,Mary,F,6919
yob1881.txt,James,F,24
yob1881.txt,Leslie,F,11
yob1881.txt,James,M,5441
yob1881.txt,Leslie,M,92
yob1881.txt,Mary,M,29
yob1881.txt,Donald,M,27
yob1881.txt,Logan,M,13
yob1882.txt,Mary,F,8148
yob1882.txt,James,F,18
yob1882.txt,Leslie,F,9
yob1882.txt,James,M,5892
yob1882.txt,Leslie,M,122
yob1882.txt,Donald,M,48
yob1882.txt,Mary,M,30
yob1882.txt,Logan,M,17
yob1883.txt,Mary,F,8012
yob1883.txt,James,F,25
yob1883.txt,Leslie,F,7
yob1883.txt,James,M,5223
yob1883.txt,Leslie,M,120
yob1883.txt,Donald,M,52
yob1883.txt,Mary,M,32
yob1883.txt,Logan,M,20
yob1884.txt,Mary,F,9217
yob1884.txt,James,F,33
yob1884.txt,Leslie,F,15
yob1884.txt,James,M,5693
yob1884.txt,Leslie,M,125
yob1884.txt,Logan,M,63
yob1884.txt,Donald,M,59
yob1884.txt,Mary,M,36
yob1885.txt,Mary,F,9128
yob1885.txt,James,F,26
yob1885.txt,Leslie,F,10
yob1885.txt,James,M,5175
yob1885.txt,Leslie,M,122
yob1885.txt,Donald,M,47
yob1885.txt,Mary,M,38
yob1885.txt,Logan,M,32
yob1886.txt,Mary,F,9889
yob1886.txt,James,F,29
yob1886.txt,Leslie,F,8
yob1886.txt,James,M,5355
yob1886.txt,Leslie,M,136
yob1886.txt,Donald,M,57
yob1886.txt,Mary,M,32
yob1886.txt,Logan,M,30
yob1887.txt,Mary,F,9888
yob1887.txt,James,F,19
yob1887.txt,Leslie,F,12
yob1887.txt,James,M,4768
yob1887.txt,Leslie,M,166
yob1887.txt,Donald,M,60
yob1887.txt,Mary,M,47
yob1887.txt,Logan,M,29
yob1888.txt,Mary,F,11754
yob1888.txt,James,F,45
yob1888.txt,Leslie,F,23
yob1888.txt,James,M,5562
yob1888.txt,Leslie,M,175
yob1888.txt,Donald,M,77
yob1888.txt,Mary,M,50
yob1888.txt,Logan,M,18
yob1888.txt,Hillary,M,6
yob1889.txt,Mary,F,11648
yob1889.txt,James,F,26
yob1889.txt,Leslie,F,23
yob1889.txt,James,M,5020
yob1889.txt,Leslie,M,155
yob1889.txt,Donald,M,75
yob1889.txt,Mary,M,41
yob1889.txt,Logan,M,32
yob1889.txt,Hillary,M,5
yob1890.txt,Mary,F,12078
yob1890.txt,James,F,33
yob1890.txt,Leslie,F,20
yob1890.txt,Donald,F,5
yob1890.txt,James,M,5097
yob1890.txt,Leslie,M,181
yob1890.txt,Donald,M,109
yob1890.txt,Mary,M,35
yob1890.txt,Logan,M,15
yob1890.txt,Hillary,M,5
yob1891.txt,Mary,F,11703
yob1891.txt,James,F,31
yob1891.txt,Leslie,F,28
yob1891.txt,James,M,4516
yob1891.txt,Leslie,M,164
yob1891.txt,Donald,M,100
yob1891.txt,Mary,M,39
yob1891.txt,Logan,M,15
yob1892.txt,Mary,F,13172
yob1892.txt,James,F,22
yob1892.txt,Leslie,F,22
yob1892.txt,James,M,5398
yob1892.txt,Leslie,M,207
yob1892.txt,Donald,M,137
yob1892.txt,Mary,M,50
yob1892.txt,Logan,M,14
yob1893.txt,Mary,F,12784
yob1893.txt,Leslie,F,26
yob1893.txt,James,F,23
yob1893.txt,James,M,5030
yob1893.txt,Leslie,M,185
yob1893.txt,Donald,M,166
yob1893.txt,Mary,M,55
yob1893.txt,Logan,M,15
yob1894.txt,Mary,F,13151
yob1894.txt,Leslie,F,36
yob1894.txt,James,F,25
yob1894.txt,James,M,5110
yob1894.txt,Leslie,M,223
yob1894.txt,Donald,M,169
yob1894.txt,Mary,M,48
yob1894.txt,Logan,M,16
yob1895.txt,Mary,F,13446
yob1895.txt,James,F,34
yob1895.txt,Leslie,F,22
yob1895.txt,James,M,5335
yob1895.txt,Leslie,M,235
yob1895.txt,Donald,M,203
yob1895.txt,Mary,M,47
yob1895.txt,Logan,M,15
yob1896.txt,Mary,F,13811
yob1896.txt,James,F,28
yob1896.txt,Leslie,F,27
yob1896.txt,James,M,5207
yob1896.txt,Leslie,M,237
yob1896.txt,Donald,M,211
yob1896.txt,Mary,M,57
yob1896.txt,Logan,M,15
yob1897.txt,Mary,F,13413
yob1897.txt,Leslie,F,34
yob1897.txt,James,F,30
yob1897.txt,James,M,5113
yob1897.txt,Leslie,M,222
yob1897.txt,Donald,M,195
yob1897.txt,Mary,M,63
yob1897.txt,Logan,M,16
yob1897.txt,Hillary,M,6
yob1898.txt,Mary,F,14406
yob1898.txt,James,F,29
yob1898.txt,Leslie,F,24
yob1898.txt,James,M,5321
yob1898.txt,Donald,M,238
yob1898.txt,Leslie,M,228
yob1898.txt,Mary,M,50
yob1898.txt,Logan,M,18
yob1898.txt,Hillary,M,9
yob1899.txt,Mary,F,13172
yob1899.txt,James,F,27
yob1899.txt,Leslie,F,18
yob1899.txt,James,M,4597
yob1899.txt,Donald,M,258
yob1899.txt,Leslie,M,181
yob1899.txt,Mary,M,50
yob1899.txt,Logan,M,10
yob1900.txt,Mary,F,16706
yob1900.txt,James,F,41
yob1900.txt,Leslie,F,30
yob1900.txt,James,M,7245
yob1900.txt,Donald,M,328
yob1900.txt,Leslie,M,275
yob1900.txt,Mary,M,75
yob1900.txt,Logan,M,22
yob1901.txt,Mary,F,13136
yob1901.txt,James,F,30
yob1901.txt,Leslie,F,29
yob1901.txt,James,M,4735
yob1901.txt,Donald,M,250
yob1901.txt,Leslie,M,198
yob1901.txt,Mary,M,58
yob1901.txt,Logan,M,8
yob1902.txt,Mary,F,14486
yob1902.txt,Leslie,F,37
yob1902.txt,James,F,30
yob1902.txt,James,M,5592
yob1902.txt,Donald,M,366
yob1902.txt,Leslie,M,251
yob1902.txt,Mary,M,56
yob1902.txt,Logan,M,13
yob1903.txt,Mary,F,14275
yob1903.txt,James,F,28
yob1903.txt,Leslie,F,24
yob1903.txt,James,M,5480
yob1903.txt,Donald,M,359
yob1903.txt,Leslie,M,227
yob1903.txt,Mary,M,63
yob1903.txt,Logan,M,12
yob1903.txt,Hillary,M,6
yob1904.txt,Mary,F,14961
yob1904.txt,Leslie,F,30
yob1904.txt,James,F,27
yob1904.txt,James,M,5855
yob1904.txt,Donald,M,413
yob1904.txt,Leslie,M,236
yob1904.txt,Mary,M,58
yob1904.txt,Logan,M,13
yob1905.txt,Mary,F,16067
yob1905.txt,James,F,35
yob1905.txt,Leslie,F,35
yob1905.txt,James,M,6042
yob1905.txt,Donald,M,426
yob1905.txt,Leslie,M,237
yob1905.txt,Mary,M,68
yob1905.txt,Logan,M,19
yob1906.txt,Mary,F,16370
yob1906.txt,James,F,37
yob1906.txt,Leslie,F,29
yob1906.txt,James,M,5908
yob1906.txt,Donald,M,486
yob1906.txt,Leslie,M,263
yob1906.txt,Mary,M,76
yob1906.txt,Logan,M,11
yob1907.txt,Mary,F,17580
yob1907.txt,James,F,45
yob1907.txt,Leslie,F,34
yob1907.txt,James,M,6707
yob1907.txt,Donald,M,616
yob1907.txt,Leslie,M,273
yob1907.txt,Mary,M,70
yob1907.txt,Logan,M,8
yob1907.txt,Hillary,M,7
yob1908.txt,Mary,F,18665
yob1908.txt,Leslie,F,41
yob1908.txt,James,F,32
yob1908.txt,James,M,7012
yob1908.txt,Donald,M,664
yob1908.txt,Leslie,M,279
yob1908.txt,Mary,M,79
yob1908.txt,Logan,M,12
yob1908.txt,Hillary,M,6
yob1909.txt,Mary,F,19259
yob1909.txt,James,F,52
yob1909.txt,Leslie,F,35
yob1909.txt,James,M,7594
yob1909.txt,Donald,M,725
yob1909.txt,Leslie,M,292
yob1909.txt,Mary,M,80
yob1909.txt,Logan,M,18
yob1909.txt,Hillary,M,7
yob1910.txt,Mary,F,22848
yob1910.txt,James,F,63
yob1910.txt,Leslie,F,52
yob1910.txt,Donald,F,6
yob1910.txt,James,M,9195
yob1910.txt,Donald,M,860
yob1910.txt,Leslie,M,313
yob1910.txt,Mary,M,99
yob1910.txt,Logan,M,17
yob1910.txt,Hillary,M,5
yob1911.txt,Mary,F,24390
yob1911.txt,James,F,69
yob1911.txt,Leslie,F,35
yob1911.txt,James,M,9951
yob1911.txt,Donald,M,1275
yob1911.txt,Leslie,M,323
yob1911.txt,Mary,M,98
yob1911.txt,Logan,M,17
yob1911.txt,Hillary,M,9
yob1912.txt,Mary,F,32304
yob1912.txt,James,F,81
yob1912.txt,Leslie,F,49
yob1912.txt,Donald,F,7
yob1912.txt,James,M,17644
yob1912.txt,Donald,M,2872
yob1912.txt,Leslie,M,693
yob1912.txt,Mary,M,118
yob1912.txt,Logan,M,35
yob1912.txt,Hillary,M,6
yob1913.txt,Mary,F,36642
yob1913.txt,James,F,95
yob1913.txt,Leslie,F,52
yob1913.txt,Donald,F,14
yob1913.txt,James,M,20832
yob1913.txt,Donald,M,3703
yob1913.txt,Leslie,M,838
yob1913.txt,Mary,M,126
yob1913.txt,Logan,M,38
yob1913.txt,Hillary,M,10
yob1914.txt,Mary,F,45345
yob1914.txt,James,F,107
yob1914.txt,Leslie,F,68
yob1914.txt,Donald,F,19
yob1914.txt,James,M,26263
yob1914.txt,Donald,M,4835
yob1914.txt,Leslie,M,1076
yob1914.txt,Mary,M,127
yob1914.txt,Logan,M,65
yob1914.txt,Hillary,M,9
yob1915.txt,Mary,F,58187
yob1915.txt,James,F,155
yob1915.txt,Leslie,F,88
yob1915.txt,Donald,F,20
yob1915.txt,James,M,33775
yob1915.txt,Donald,M,7116
yob1915.txt,Leslie,M,1409
yob1915.txt,Mary,M,159
yob1915.txt,Logan,M,55
yob1915.txt,Hillary,M,18
yob1916.txt,Mary,F,61438
yob1916.txt,James,F,166
yob1916.txt,Leslie,F,101
yob1916.txt,Donald,F,22
yob1916.txt,James,M,35569
yob1916.txt,Donald,M,7737
yob1916.txt,Leslie,M,1355
yob1916.txt,Mary,M,164
yob1916.txt,Logan,M,79
yob1916.txt,Hillary,M,12
yob1917.txt,Mary,F,64281
yob1917.txt,James,F,182
yob1917.txt,Leslie,F,99
yob1917.txt,Donald,F,29
yob1917.txt,James,M,37339
yob1917.txt,Donald,M,8729
yob1917.txt,Leslie,M,1440
yob1917.txt,Mary,M,159
yob1917.txt,Logan,M,94
yob1917.txt,Hillary,M,15
yob1918.txt,Mary,F,67366
yob1918.txt,James,F,212
yob1918.txt,Leslie,F,127
yob1918.txt,Donald,F,38
yob1918.txt,James,M,42118
yob1918.txt,Donald,M,9973
yob1918.txt,Leslie,M,1644
yob1918.txt,Mary,M,169
yob1918.txt,Logan,M,85
yob1918.txt,Hillary,M,18
yob1919.txt,Mary,F,65838
yob1919.txt,James,F,192
yob1919.txt,Leslie,F,114
yob1919.txt,Donald,F,42
yob1919.txt,James,M,42390
yob1919.txt,Donald,M,9903
yob1919.txt,Leslie,M,1539
yob1919.txt,Mary,M,154
yob1919.txt,Logan,M,81
yob1919.txt,Hillary,M,15
yob1920.txt,Mary,F,70982
yob1920.txt,James,F,249
yob1920.txt,Leslie,F,92
yob1920.txt,Donald,F,46
yob1920.txt,James,M,47912
yob1920.txt,Donald,M,11942
yob1920.txt,Leslie,M,1592
yob1920.txt,Mary,M,195
yob1920.txt,Logan,M,74
yob1920.txt,Hillary,M,18
yob1921.txt,Mary,F,73985
yob1921.txt,James,F,231
yob1921.txt,Leslie,F,126
yob1921.txt,Donald,F,57
yob1921.txt,James,M,49748
yob1921.txt,Donald,M,13776
yob1921.txt,Leslie,M,1647
yob1921.txt,Mary,M,187
yob1921.txt,Logan,M,86
yob1921.txt,Hillary,M,21
yob1922.txt,Mary,F,72173
yob1922.txt,James,F,239
yob1922.txt,Leslie,F,121
yob1922.txt,Donald,F,56
yob1922.txt,Hillary,F,5
yob1922.txt,James,M,49801
yob1922.txt,Donald,M,14915
yob1922.txt,Leslie,M,1544
yob1922.txt,Mary,M,186
yob1922.txt,Logan,M,73
yob1922.txt,Hillary,M,18
yob1923.txt,Mary,F,71638
yob1923.txt,James,F,280
yob1923.txt,Leslie,F,151
yob1923.txt,Donald,F,53
yob1923.txt,James,M,50463
yob1923.txt,Donald,M,16435
yob1923.txt,Leslie,M,1553
yob1923.txt,Mary,M,203
yob1923.txt,Logan,M,61
yob1923.txt,Hillary,M,19
yob1924.txt,Mary,F,73534
yob1924.txt,James,F,274
yob1924.txt,Leslie,F,142
yob1924.txt,Donald,F,85
yob1924.txt,James,M,52939
yob1924.txt,Donald,M,17929
yob1924.txt,Leslie,M,1664
yob1924.txt,Mary,M,224
yob1924.txt,Logan,M,86
yob1924.txt,Hillary,M,12
yob1925.txt,Mary,F,70591
yob1925.txt,James,F,365
yob1925.txt,Leslie,F,139
yob1925.txt,Donald,F,105
yob1925.txt,James,M,52682
yob1925.txt,Donald,M,19191
yob1925.txt,Leslie,M,1518
yob1925.txt,Mary,M,260
yob1925.txt,Logan,M,80
yob1925.txt,Hillary,M,20
yob1926.txt,Mary,F,67832
yob1926.txt,James,F,359
yob1926.txt,Leslie,F,140
yob1926.txt,Donald,F,133
yob1926.txt,James,M,53209
yob1926.txt,Donald,M,20912
yob1926.txt,Leslie,M,1467
yob1926.txt,Mary,M,272
yob1926.txt,Logan,M,52
yob1926.txt,Hillary,M,21
yob1927.txt,Mary,F,70639
yob1927.txt,James,F,389
yob1927.txt,Donald,F,144
yob1927.txt,Leslie,F,126
yob1927.txt,James,M,53674
yob1927.txt,Donald,M,23840
yob1927.txt,Leslie,M,1441
yob1927.txt,Mary,M,283
yob1927.txt,Logan,M,65
yob1927.txt,Hillary,M,24
yob1928.txt,Mary,F,66872
yob1928.txt,James,F,427
yob1928.txt,Donald,F,170
yob1928.txt,Leslie,F,102
yob1928.txt,James,M,52754
yob1928.txt,Donald,M,25698
yob1928.txt,Leslie,M,1380
yob1928.txt,Mary,M,294
yob1928.txt,Logan,M,47
yob1928.txt,Hillary,M,24
yob1929.txt,Mary,F,63508
yob1929.txt,James,F,397
yob1929.txt,Donald,F,170
yob1929.txt,Leslie,F,102
yob1929.txt,James,M,52127
yob1929.txt,Donald,M,27186
yob1929.txt,Leslie,M,1259
yob1929.txt,Mary,M,327
yob1929.txt,Logan,M,69
yob1929.txt,Hillary,M,15
yob1930.txt,Mary,F,64146
yob1930.txt,James,F,419
yob1930.txt,Donald,F,175
yob1930.txt,Leslie,F,132
yob1930.txt,James,M,53941
yob1930.txt,Donald,M,29048
yob1930.txt,Leslie,M,1239
yob1930.txt,Mary,M,340
yob1930.txt,Logan,M,44
yob1930.txt,Hillary,M,19
yob1931.txt,Mary,F,60296
yob1931.txt,James,F,345
yob1931.txt,Donald,F,160
yob1931.txt,Leslie,F,101
yob1931.txt,James,M,51219
yob1931.txt,Donald,M,29102
yob1931.txt,Leslie,M,1190
yob1931.txt,Mary,M,325
yob1931.txt,Logan,M,44
yob1931.txt,Hillary,M,14
yob1932.txt,Mary,F,59874
yob1932.txt,James,F,320
yob1932.txt,Donald,F,125
yob1932.txt,Leslie,F,94
yob1932.txt,James,M,51922
yob1932.txt,Donald,M,29786
yob1932.txt,Leslie,M,1178
yob1932.txt,Mary,M,330
yob1932.txt,Logan,M,65
yob1932.txt,Hillary,M,15
yob1933.txt,Mary,F,55509
yob1933.txt,James,F,299
yob1933.txt,Donald,F,133
yob1933.txt,Leslie,F,123
yob1933.txt,James,M,51102
yob1933.txt,Donald,M,28437
yob1933.txt,Leslie,M,1168
yob1933.txt,Mary,M,318
yob1933.txt,Logan,M,60
yob1933.txt,Hillary,M,13
yob1934.txt,Mary,F,56929
yob1934.txt,James,F,262
yob1934.txt,Leslie,F,125
yob1934.txt,Donald,F,110
yob1934.txt,James,M,54249
yob1934.txt,Donald,M,30409
yob1934.txt,Leslie,M,1215
yob1934.txt,Mary,M,302
yob1934.txt,Logan,M,63
yob1934.txt,Hillary,M,14
yob1935.txt,Mary,F,55069
yob1935.txt,James,F,238
yob1935.txt,Leslie,F,162
yob1935.txt,Donald,F,112
yob1935.txt,James,M,55000
yob1935.txt,Donald,M,29661
yob1935.txt,Leslie,M,1222
yob1935.txt,Mary,M,276
yob1935.txt,Logan,M,43
yob1935.txt,Hillary,M,7
yob1936.txt,Mary,F,54372
yob1936.txt,James,F,229
yob1936.txt,Leslie,F,179
yob1936.txt,Donald,F,88
yob1936.txt,James,M,54686
yob1936.txt,Donald,M,28635
yob1936.txt,Leslie,M,1250
yob1936.txt,Mary,M,293
yob1936.txt,Logan,M,43
yob1936.txt,Hillary,M,7
yob1937.txt,Mary,F,55645
yob1937.txt,James,F,251
yob1937.txt,Leslie,F,177
yob1937.txt,Donald,F,81
yob1937.txt,James,M,56551
yob1937.txt,Donald,M,27868
yob1937.txt,Leslie,M,1238
yob1937.txt,Mary,M,288
yob1937.txt,Logan,M,38
yob1937.txt,Hillary,M,15
yob1938.txt,Mary,F,56215
yob1938.txt,James,F,275
yob1938.txt,Leslie,F,176
yob1938.txt,Donald,F,79
yob1938.txt,James,M,59099
yob1938.txt,Donald,M,26665
yob1938.txt,Leslie,M,1248
yob1938.txt,Mary,M,284
yob1938.txt,Logan,M,38
yob1938.txt,Hillary,M,19
yob1939.txt,Mary,F,54901
yob1939.txt,James,F,268
yob1939.txt,Leslie,F,179
yob1939.txt,Donald,F,83
yob1939.txt,James,M,59627
yob1939.txt,Donald,M,24056
yob1939.txt,Leslie,M,1294
yob1939.txt,Mary,M,272
yob1939.txt,Logan,M,44
yob1939.txt,Hillary,M,18
yob1940.txt,Mary,F,56203
yob1940.txt,James,F,259
yob1940.txt,Leslie,F,254
yob1940.txt,Donald,F,84
yob1940.txt,James,M,62473
yob1940.txt,Donald,M,23106
yob1940.txt,Leslie,M,1370
yob1940.txt,Mary,M,303
yob1940.txt,Logan,M,56
yob1940.txt,Hillary,M,19
yob1941.txt,Mary,F,58040
yob1941.txt,Leslie,F,505
yob1941.txt,James,F,255
yob1941.txt,Donald,F,63
yob1941.txt,James,M,66736
yob1941.txt,Donald,M,22633
yob1941.txt,Leslie,M,1557
yob1941.txt,Mary,M,315
yob1941.txt,Logan,M,45
yob1941.txt,Hillary,M,18
yob1942.txt,Mary,F,63254
yob1942.txt,Leslie,F,834
yob1942.txt,James,F,282
yob1942.txt,Donald,F,76
yob1942.txt,Hillary,F,7
yob1942.txt,James,M,77176
yob1942.txt,Donald,M,23951
yob1942.txt,Leslie,M,1734
yob1942.txt,Mary,M,276
yob1942.txt,Logan,M,37
yob1942.txt,Hillary,M,14
yob1943.txt,Mary,F,66169
yob1943.txt,Leslie,F,1137
yob1943.txt,James,F,271
yob1943.txt,Donald,F,69
yob1943.txt,Hillary,F,13
yob1943.txt,James,M,80261
yob1943.txt,Donald,M,24415
yob1943.txt,Leslie,M,1917
yob1943.txt,Mary,M,254
yob1943.txt,Logan,M,54
yob1943.txt,Hillary,M,8
yob1944.txt,Mary,F,62467
yob1944.txt,Leslie,F,1202
yob1944.txt,James,F,237
yob1944.txt,Donald,F,60
yob1944.txt,Hillary,F,19
yob1944.txt,James,M,76951
yob1944.txt,Donald,M,23461
yob1944.txt,Leslie,M,1971
yob1944.txt,Mary,M,253
yob1944.txt,Logan,M,48
yob1944.txt,Hillary,M,17
yob1945.txt,Mary,F,59283
yob1945.txt,Leslie,F,1704
yob1945.txt,James,F,247
yob1945.txt,Donald,F,47
yob1945.txt,Hillary,F,19
yob1945.txt,James,M,74449
yob1945.txt,Donald,M,22135
yob1945.txt,Leslie,M,1976
yob1945.txt,Mary,M,198
yob1945.txt,Logan,M,49
yob1945.txt,Hillary,M,16
yob1946.txt,Mary,F,67467
yob1946.txt,Leslie,F,2139
yob1946.txt,James,F,250
yob1946.txt,Donald,F,72
yob1946.txt,Hillary,F,29
yob1946.txt,James,M,87436
yob1946.txt,Donald,M,26262
yob1946.txt,Leslie,M,2138
yob1946.txt,Mary,M,186
yob1946.txt,Logan,M,50
yob1946.txt,Hillary,M,20
yob1947.txt,Mary,F,71687
yob1947.txt,Leslie,F,2358
yob1947.txt,James,F,257
yob1947.txt,Donald,F,63
yob1947.txt,Hillary,F,51
yob1947.txt,James,M,94757
yob1947.txt,Donald,M,28257
yob1947.txt,Leslie,M,2305
yob1947.txt,Mary,M,184
yob1947.txt,Logan,M,59
yob1947.txt,Hillary,M,14
yob1948.txt,Mary,F,68597
yob1948.txt,Leslie,F,2306
yob1948.txt,James,F,251
yob1948.txt,Donald,F,48
yob1948.txt,Hillary,F,43
yob1948.txt,James,M,88584
yob1948.txt,Donald,M,26443
yob1948.txt,Leslie,M,2214
yob1948.txt,Mary,M,164
yob1948.txt,Logan,M,56
yob1948.txt,Hillary,M,19
yob1949.txt,Mary,F,66864
yob1949.txt,Leslie,F,2417
yob1949.txt,James,F,257
yob1949.txt,Donald,F,68
yob1949.txt,Hillary,F,48
yob1949.txt,James,M,86857
yob1949.txt,Donald,M,27113
yob1949.txt,Leslie,M,2205
yob1949.txt,Mary,M,169
yob1949.txt,Logan,M,53
yob1949.txt,Hillary,M,13
yob1950.txt,Mary,F,65481
yob1950.txt,Leslie,F,2328
yob1950.txt,James,F,252
yob1950.txt,Hillary,F,54
yob1950.txt,Donald,F,51
yob1950.txt,James,M,86224
yob1950.txt,Donald,M,27002
yob1950.txt,Leslie,M,2133
yob1950.txt,Mary,M,119
yob1950.txt,Logan,M,48
yob1950.txt,Hillary,M,20
yob1951.txt,Mary,F,65721
yob1951.txt,Leslie,F,2542
yob1951.txt,James,F,256
yob1951.txt,Donald,F,65
yob1951.txt,Hillary,F,40
yob1951.txt,James,M,87261
yob1951.txt,Donald,M,27918
yob1951.txt,Leslie,M,2299
yob1951.txt,Mary,M,161
yob1951.txt,Logan,M,62
yob1951.txt,Hillary,M,18
yob1952.txt,Mary,F,65634
yob1952.txt,Leslie,F,3574
yob1952.txt,James,F,259
yob1952.txt,Donald,F,72
yob1952.txt,Hillary,F,43
yob1952.txt,James,M,87063
yob1952.txt,Donald,M,28283
yob1952.txt,Leslie,M,2358
yob1952.txt,Mary,M,159
yob1952.txt,Logan,M,51
yob1952.txt,Hillary,M,16
yob1953.txt,Mary,F,64379
yob1953.txt,Leslie,F,3905
yob1953.txt,James,F,235
yob1953.txt,Donald,F,69
yob1953.txt,Hillary,F,58
yob1953.txt,James,M,86099
yob1953.txt,Donald,M,28360
yob1953.txt,Leslie,M,2283
yob1953.txt,Mary,M,146
yob1953.txt,Logan,M,58
yob1953.txt,Hillary,M,20
yob1954.txt,Mary,F,68007
yob1954.txt,Leslie,F,4146
yob1954.txt,James,F,225
yob1954.txt,Hillary,F,77
yob1954.txt,Donald,F,66
yob1954.txt,James,M,86272
yob1954.txt,Donald,M,29263
yob1954.txt,Leslie,M,2234
yob1954.txt,Mary,M,169
yob1954.txt,Logan,M,59
yob1954.txt,Hillary,M,27
yob1955.txt,Mary,F,63165
yob1955.txt,Leslie,F,4402
yob1955.txt,James,F,248
yob1955.txt,Hillary,F,71
yob1955.txt,Donald,F,69
yob1955.txt,James,M,84155
yob1955.txt,Donald,M,27714
yob1955.txt,Leslie,M,2229
yob1955.txt,Mary,M,147
yob1955.txt,Logan,M,65
yob1955.txt,Hillary,M,23
yob1956.txt,Mary,F,61756
yob1956.txt,Leslie,F,4385
yob1956.txt,James,F,250
yob1956.txt,Hillary,F,99
yob1956.txt,Donald,F,85
yob1956.txt,James,M,84863
yob1956.txt,Donald,M,28213
yob1956.txt,Leslie,M,2051
yob1956.txt,Mary,M,144
yob1956.txt,Logan,M,44
yob1956.txt,Hillary,M,13
yob1957.txt,Mary,F,61094
yob1957.txt,Leslie,F,6101
yob1957.txt,James,F,280
yob1957.txt,Donald,F,93
yob1957.txt,Hillary,F,88
yob1957.txt,James,M,84275
yob1957.txt,Donald,M,27864
yob1957.txt,Leslie,M,2100
yob1957.txt,Mary,M,183
yob1957.txt,Logan,M,44
yob1957.txt,Hillary,M,17
yob1958.txt,Mary,F,55857
yob1958.txt,Leslie,F,6009
yob1958.txt,James,F,252
yob1958.txt,Donald,F,94
yob1958.txt,Hillary,F,94
yob1958.txt,James,M,78713
yob1958.txt,Donald,M,24995
yob1958.txt,Leslie,M,1938
yob1958.txt,Mary,M,141
yob1958.txt,Logan,M,47
yob1958.txt,Hillary,M,22
yob1959.txt,Mary,F,54474
yob1959.txt,Leslie,F,5650
yob1959.txt,James,F,295
yob1959.txt,Donald,F,89
yob1959.txt,Hillary,F,83
yob1959.txt,James,M,78606
yob1959.txt,Donald,M,23868
yob1959.txt,Leslie,M,1755
yob1959.txt,Mary,M,170
yob1959.txt,Logan,M,54
yob1959.txt,Hillary,M,11
yob1960.txt,Mary,F,51475
yob1960.txt,Leslie,F,5239
yob1960.txt,James,F,289
yob1960.txt,Donald,F,87
yob1960.txt,Hillary,F,75
yob1960.txt,James,M,76832
yob1960.txt,Donald,M,22730
yob1960.txt,Leslie,M,1676
yob1960.txt,Mary,M,169
yob1960.txt,Logan,M,58
yob1960.txt,Hillary,M,16
yob1961.txt,Mary,F,47680
yob1961.txt,Leslie,F,5668
yob1961.txt,James,F,286
yob1961.txt,Hillary,F,111
yob1961.txt,Donald,F,75
yob1961.txt,James,M,75924
yob1961.txt,Donald,M,21403
yob1961.txt,Leslie,M,1618
yob1961.txt,Mary,M,167
yob1961.txt,Logan,M,50
yob1961.txt,Hillary,M,17
yob1962.txt,Mary,F,43486
yob1962.txt,Leslie,F,5785
yob1962.txt,James,F,262
yob1962.txt,Hillary,F,112
yob1962.txt,Donald,F,71
yob1962.txt,James,M,72555
yob1962.txt,Donald,M,20417
yob1962.txt,Leslie,M,1651
yob1962.txt,Mary,M,158
yob1962.txt,Logan,M,60
yob1962.txt,Hillary,M,17
yob1963.txt,Mary,F,41550
yob1963.txt,Leslie,F,5859
yob1963.txt,James,F,311
yob1963.txt,Hillary,F,148
yob1963.txt,Donald,F,83
yob1963.txt,James,M,71322
yob1963.txt,Donald,M,18908
yob1963.txt,Leslie,M,1556
yob1963.txt,Mary,M,137
yob1963.txt,Logan,M,46
yob1963.txt,Hillary,M,18
yob1964.txt,Mary,F,40990
yob1964.txt,Leslie,F,5600
yob1964.txt,James,F,317
yob1964.txt,Hillary,F,132
yob1964.txt,Donald,F,68
yob1964.txt,James,M,73037
yob1964.txt,Donald,M,18058
yob1964.txt,Leslie,M,1446
yob1964.txt,Mary,M,134
yob1964.txt,Logan,M,66
yob1964.txt,Hillary,M,8
yob1965.txt,Mary,F,34270
yob1965.txt,Leslie,F,4874
yob1965.txt,James,F,303
yob1965.txt,Hillary,F,111
yob1965.txt,Donald,F,61
yob1965.txt,James,M,67701
yob1965.txt,Donald,M,16040
yob1965.txt,Leslie,M,1418
yob1965.txt,Mary,M,136
yob1965.txt,Logan,M,49
yob1965.txt,Hillary,M,15
yob1966.txt,Mary,F,28884
yob1966.txt,Leslie,F,4997
yob1966.txt,James,F,298
yob1966.txt,Hillary,F,124
yob1966.txt,Donald,F,82
yob1966.txt,James,M,65174
yob1966.txt,Donald,M,14719
yob1966.txt,Leslie,M,1239
yob1966.txt,Mary,M,108
yob1966.txt,Logan,M,59
yob1966.txt,Hillary,M,15
yob1967.txt,Mary,F,25313
yob1967.txt,Leslie,F,5318
yob1967.txt,James,F,311
yob1967.txt,Hillary,F,155
yob1967.txt,Donald,F,84
yob1967.txt,James,M,61698
yob1967.txt,Donald,M,14225
yob1967.txt,Leslie,M,1063
yob1967.txt,Mary,M,127
yob1967.txt,Logan,M,52
yob1967.txt,Hillary,M,8
yob1968.txt,Mary,F,21725
yob1968.txt,Leslie,F,5283
yob1968.txt,James,F,312
yob1968.txt,Hillary,F,178
yob1968.txt,Donald,F,73
yob1968.txt,James,M,60693
yob1968.txt,Donald,M,13368
yob1968.txt,Leslie,M,1011
yob1968.txt,Mary,M,101
yob1968.txt,Logan,M,60
yob1968.txt,Hillary,M,13
yob1969.txt,Mary,F,19851
yob1969.txt,Leslie,F,5835
yob1969.txt,James,F,330
yob1969.txt,Hillary,F,198
yob1969.txt,Donald,F,77
yob1969.txt,James,M,59915
yob1969.txt,Donald,M,12777
yob1969.txt,Leslie,M,1043
yob1969.txt,Mary,M,108
yob1969.txt,Logan,M,49
yob1969.txt,Hillary,M,14
yob1970.txt,Mary,F,19203
yob1970.txt,Leslie,F,5622
yob1970.txt,James,F,353
yob1970.txt,Hillary,F,258
yob1970.txt,Donald,F,64
yob1970.txt,James,M,61759
yob1970.txt,Donald,M,12403
yob1970.txt,Leslie,M,1013
yob1970.txt,Mary,M,99
yob1970.txt,Logan,M,55
yob1970.txt,Hillary,M,11
yob1971.txt,Mary,F,16697
yob1971.txt,Leslie,F,5110
yob1971.txt,James,F,302
yob1971.txt,Hillary,F,251
yob1971.txt,Donald,F,67
yob1971.txt,James,M,54621
yob1971.txt,Donald,M,10872
yob1971.txt,Leslie,M,986
yob1971.txt,Mary,M,86
yob1971.txt,Logan,M,57
yob1971.txt,Hillary,M,13
yob1972.txt,Mary,F,13761
yob1972.txt,Leslie,F,4181
yob1972.txt,James,F,299
yob1972.txt,Hillary,F,243
yob1972.txt,Donald,F,77
yob1972.txt,Logan,F,6
yob1972.txt,James,M,47083
yob1972.txt,Donald,M,9263
yob1972.txt,Leslie,M,839
yob1972.txt,Mary,M,74
yob1972.txt,Logan,M,62
yob1972.txt,Hillary,M,15
yob1973.txt,Mary,F,12316
yob1973.txt,Leslie,F,3954
yob1973.txt,James,F,317
yob1973.txt,Hillary,F,252
yob1973.txt,Donald,F,75
yob1973.txt,James,M,42889
yob1973.txt,Donald,M,8364
yob1973.txt,Leslie,M,791
yob1973.txt,Logan,M,69
yob1973.txt,Mary,M,54
yob1973.txt,Hillary,M,7
yob1974.txt,Mary,F,11738
yob1974.txt,Leslie,F,4463
yob1974.txt,Hillary,F,312
yob1974.txt,James,F,251
yob1974.txt,Donald,F,47
yob1974.txt,Logan,F,5
yob1974.txt,James,M,41354
yob1974.txt,Donald,M,7760
yob1974.txt,Leslie,M,691
yob1974.txt,Logan,M,71
yob1974.txt,Mary,M,61
yob1974.txt,Hillary,M,10
yob1975.txt,Mary,F,10967
yob1975.txt,Leslie,F,4105
yob1975.txt,Hillary,F,323
yob1975.txt,James,F,254
yob1975.txt,Donald,F,57
yob1975.txt,Logan,F,8
yob1975.txt,James,M,39591
yob1975.txt,Donald,M,7198
yob1975.txt,Leslie,M,680
yob1975.txt,Logan,M,85
yob1975.txt,Mary,M,66
yob1975.txt,Hillary,M,10
yob1976.txt,Mary,F,10318
yob1976.txt,Leslie,F,4310
yob1976.txt,Hillary,F,331
yob1976.txt,James,F,252
yob1976.txt,Donald,F,58
yob1976.txt,Logan,F,10
yob1976.txt,James,M,38309
yob1976.txt,Donald,M,6799
yob1976.txt,Leslie,M,534
yob1976.txt,Logan,M,113
yob1976.txt,Mary,M,62
yob1976.txt,Hillary,M,9
yob1977.txt,Mary,F,10659
yob1977.txt,Leslie,F,4250
yob1977.txt,Hillary,F,442
yob1977.txt,James,F,273
yob1977.txt,Donald,F,35
yob1977.txt,Logan,F,12
yob1977.txt,James,M,40054
yob1977.txt,Donald,M,6867
yob1977.txt,Leslie,M,607
yob1977.txt,Logan,M,205
yob1977.txt,Mary,M,52
yob1977.txt,Hillary,M,12
yob1978.txt,Mary,F,10043
yob1978.txt,Leslie,F,4342
yob1978.txt,Hillary,F,719
yob1978.txt,James,F,269
yob1978.txt,Donald,F,38
yob1978.txt,Logan,F,17
yob1978.txt,James,M,39915
yob1978.txt,Donald,M,6425
yob1978.txt,Leslie,M,524
yob1978.txt,Logan,M,306
yob1978.txt,Mary,M,61
yob1978.txt,Hillary,M,19
yob1979.txt,Mary,F,10561
yob1979.txt,Leslie,F,4497
yob1979.txt,Hillary,F,921
yob1979.txt,James,F,261
yob1979.txt,Donald,F,63
yob1979.txt,Logan,F,47
yob1979.txt,James,M,39371
yob1979.txt,Donald,M,6515
yob1979.txt,Leslie,M,530
yob1979.txt,Logan,M,468
yob1979.txt,Mary,M,65
yob1979.txt,Hillary,M,13
yob1980.txt,Mary,F,11474
yob1980.txt,Leslie,F,4778
yob1980.txt,Hillary,F,834
yob1980.txt,James,F,271
yob1980.txt,Logan,F,56
yob1980.txt,Donald,F,46
yob1980.txt,James,M,39325
yob1980.txt,Donald,M,6270
yob1980.txt,Logan,M,521
yob1980.txt,Leslie,M,507
yob1980.txt,Mary,M,52
yob1980.txt,Hillary,M,11
yob1981.txt,Mary,F,11045
yob1981.txt,Leslie,F,4934
yob1981.txt,Hillary,F,735
yob1981.txt,James,F,272
yob1981.txt,Logan,F,86
yob1981.txt,Donald,F,40
yob1981.txt,James,M,38313
yob1981.txt,Donald,M,5912
yob1981.txt,Logan,M,696
yob1981.txt,Leslie,M,500
yob1981.txt,Mary,M,67
yob1981.txt,Hillary,M,14
yob1982.txt,Mary,F,10855
yob1982.txt,Leslie,F,4984
yob1982.txt,Hillary,F,753
yob1982.txt,James,F,317
yob1982.txt,Logan,F,84
yob1982.txt,Donald,F,46
yob1982.txt,James,M,38875
yob1982.txt,Donald,M,5714
yob1982.txt,Logan,M,688
yob1982.txt,Leslie,M,431
yob1982.txt,Mary,M,73
yob1982.txt,Hillary,M,6
yob1983.txt,Mary,F,9897
yob1983.txt,Leslie,F,4250
yob1983.txt,Hillary,F,697
yob1983.txt,James,F,282
yob1983.txt,Logan,F,88
yob1983.txt,Donald,F,47
yob1983.txt,James,M,36354
yob1983.txt,Donald,M,5328
yob1983.txt,Logan,M,788
yob1983.txt,Leslie,M,414
yob1983.txt,Mary,M,57
yob1983.txt,Hillary,M,5
yob1984.txt,Mary,F,9290
yob1984.txt,Leslie,F,3815
yob1984.txt,Hillary,F,1009
yob1984.txt,James,F,238
yob1984.txt,Logan,F,91
yob1984.txt,Donald,F,36
yob1984.txt,James,M,35857
yob1984.txt,Donald,M,5064
yob1984.txt,Logan,M,990
yob1984.txt,Leslie,M,367
yob1984.txt,Mary,M,56
yob1984.txt,Hillary,M,6
yob1985.txt,Mary,F,9244
yob1985.txt,Leslie,F,3606
yob1985.txt,Hillary,F,1047
yob1985.txt,James,F,287
yob1985.txt,Logan,F,90
yob1985.txt,Donald,F,37
yob1985.txt,James,M,35861
yob1985.txt,Donald,M,4749
yob1985.txt,Logan,M,996
yob1985.txt,Leslie,M,331
yob1985.txt,Mary,M,67
yob1985.txt,Hillary,M,12
yob1986.txt,Mary,F,8506
yob1986.txt,Leslie,F,3221
yob1986.txt,Hillary,F,1083
yob1986.txt,James,F,273
yob1986.txt,Logan,F,132
yob1986.txt,Donald,F,34
yob1986.txt,James,M,34040
yob1986.txt,Donald,M,4661
yob1986.txt,Logan,M,1327
yob1986.txt,Leslie,M,380
yob1986.txt,Mary,M,47
yob1986.txt,Hillary,M,11
yob1987.txt,Mary,F,8395
yob1987.txt,Leslie,F,3195
yob1987.txt,Hillary,F,1079
yob1987.txt,James,F,246
yob1987.txt,Logan,F,135
yob1987.txt,Donald,F,42
yob1987.txt,James,M,32643
yob1987.txt,Donald,M,4502
yob1987.txt,Logan,M,1951
yob1987.txt,Leslie,M,290
yob1987.txt,Mary,M,69
yob1987.txt,Hillary,M,10
yob1988.txt,Mary,F,8510
yob1988.txt,Leslie,F,3080
yob1988.txt,Hillary,F,1083
yob1988.txt,Logan,F,245
yob1988.txt,James,F,244
yob1988.txt,Donald,F,36
yob1988.txt,James,M,32510
yob1988.txt,Donald,M,4325
yob1988.txt,Logan,M,2757
yob1988.txt,Leslie,M,318
yob1988.txt,Mary,M,48
yob1988.txt,Hillary,M,13
yob1989.txt,Mary,F,8644
yob1989.txt,Leslie,F,2864
yob1989.txt,Hillary,F,1284
yob1989.txt,Logan,F,341
yob1989.txt,James,F,176
yob1989.txt,Donald,F,18
yob1989.txt,James,M,32703
yob1989.txt,Donald,M,4323
yob1989.txt,Logan,M,3282
yob1989.txt,Leslie,M,327
yob1989.txt,Mary,M,74
yob1989.txt,Hillary,M,14
yob1990.txt,Mary,F,8667
yob1990.txt,Leslie,F,2828
yob1990.txt,Hillary,F,1524
yob1990.txt,Logan,F,368
yob1990.txt,James,F,115
yob1990.txt,Donald,F,11
yob1990.txt,James,M,32349
yob1990.txt,Donald,M,4177
yob1990.txt,Logan,M,3431
yob1990.txt,Leslie,M,295
yob1990.txt,Mary,M,45
yob1991.txt,Mary,F,8760
yob1991.txt,Leslie,F,2551
yob1991.txt,Hillary,F,1789
yob1991.txt,Logan,F,511
yob1991.txt,James,F,95
yob1991.txt,Donald,F,9
yob1991.txt,James,M,30507
yob1991.txt,Logan,M,3892
yob1991.txt,Donald,M,3649
yob1991.txt,Leslie,M,279
yob1991.txt,Mary,M,32
yob1991.txt,Hillary,M,5
yob1992.txt,Mary,F,8458
yob1992.txt,Hillary,F,2521
yob1992.txt,Leslie,F,2482
yob1992.txt,Logan,F,571
yob1992.txt,James,F,70
yob1992.txt,James,M,28503
yob1992.txt,Logan,M,4225
yob1992.txt,Donald,M,3265
yob1992.txt,Leslie,M,216
yob1992.txt,Mary,M,25
yob1992.txt,Hillary,M,7
yob1993.txt,Mary,F,8120
yob1993.txt,Leslie,F,2294
yob1993.txt,Hillary,F,1064
yob1993.txt,Logan,F,790
yob1993.txt,James,F,75
yob1993.txt,Donald,F,12
yob1993.txt,James,M,26249
yob1993.txt,Logan,M,4842
yob1993.txt,Donald,M,2996
yob1993.txt,Leslie,M,200
yob1993.txt,Mary,M,18
yob1993.txt,Hillary,M,7
yob1994.txt,Mary,F,7752
yob1994.txt,Leslie,F,2396
yob1994.txt,Logan,F,879
yob1994.txt,Hillary,F,408
yob1994.txt,James,F,67
yob1994.txt,Donald,F,5
yob1994.txt,James,M,24770
yob1994.txt,Logan,M,5452
yob1994.txt,Donald,M,2652
yob1994.txt,Leslie,M,207
yob1994.txt,Mary,M,10
yob1994.txt,Hillary,M,7
yob1995.txt,Mary,F,7455
yob1995.txt,Leslie,F,2312
yob1995.txt,Logan,F,1041
yob1995.txt,Hillary,F,310
yob1995.txt,James,F,57
yob1995.txt,Donald,F,8
yob1995.txt,James,M,22730
yob1995.txt,Logan,M,6952
yob1995.txt,Donald,M,2253
yob1995.txt,Leslie,M,186
yob1995.txt,Mary,M,13
yob1996.txt,Mary,F,6961
yob1996.txt,Leslie,F,2664
yob1996.txt,Logan,F,1097
yob1996.txt,Hillary,F,312
yob1996.txt,James,F,62
yob1996.txt,Donald,F,7
yob1996.txt,James,M,21156
yob1996.txt,Logan,M,8374
yob1996.txt,Donald,M,2182
yob1996.txt,Leslie,M,175
yob1996.txt,Mary,M,16
yob1997.txt,Mary,F,6644
yob1997.txt,Leslie,F,2821
yob1997.txt,Logan,F,1067
yob1997.txt,Hillary,F,294
yob1997.txt,James,F,42
yob1997.txt,Donald,F,9
yob1997.txt,James,M,20404
yob1997.txt,Logan,M,8619
yob1997.txt,Donald,M,1970
yob1997.txt,Leslie,M,158
yob1997.txt,Mary,M,13
yob1998.txt,Mary,F,6458
yob1998.txt,Leslie,F,3079
yob1998.txt,Logan,F,1026
yob1998.txt,Hillary,F,243
yob1998.txt,James,F,45
yob1998.txt,James,M,19687
yob1998.txt,Logan,M,8638
yob1998.txt,Donald,M,1861
yob1998.txt,Leslie,M,123
yob1998.txt,Mary,M,14
yob1999.txt,Mary,F,6374
yob1999.txt,Leslie,F,3341
yob1999.txt,Logan,F,1073
yob1999.txt,Hillary,F,254
yob1999.txt,James,F,40
yob1999.txt,James,M,18552
yob1999.txt,Logan,M,9135
yob1999.txt,Donald,M,1747
yob1999.txt,Leslie,M,120
yob1999.txt,Mary,M,11
yob1999.txt,Hillary,M,5
yob2000.txt,Mary,F,6198
yob2000.txt,Leslie,F,3623
yob2000.txt,Logan,F,999
yob2000.txt,Hillary,F,252
yob2000.txt,James,F,40
yob2000.txt,James,M,17987
yob2000.txt,Logan,M,9736
yob2000.txt,Donald,M,1609
yob2000.txt,Leslie,M,137
yob2000.txt,Mary,M,10
yob2001.txt,Mary,F,5732
yob2001.txt,Leslie,F,3613
yob2001.txt,Logan,F,1041
yob2001.txt,Hillary,F,259
yob2001.txt,James,F,42
yob2001.txt,James,M,17070
yob2001.txt,Logan,M,12711
yob2001.txt,Donald,M,1470
yob2001.txt,Leslie,M,125
yob2001.txt,Mary,M,13
yob2002.txt,Mary,F,5463
yob2002.txt,Leslie,F,3522
yob2002.txt,Logan,F,922
yob2002.txt,Hillary,F,197
yob2002.txt,James,F,31
yob2002.txt,James,M,16959
yob2002.txt,Logan,M,12972
yob2002.txt,Donald,M,1288
yob2002.txt,Leslie,M,96
yob2002.txt,Mary,M,12
yob2002.txt,Hillary,M,5
yob2003.txt,Mary,F,5017
yob2003.txt,Leslie,F,3639
yob2003.txt,Logan,F,885
yob2003.txt,Hillary,F,224
yob2003.txt,James,F,34
yob2003.txt,James,M,16892
yob2003.txt,Logan,M,13185
yob2003.txt,Donald,M,1308
yob2003.txt,Leslie,M,101
yob2003.txt,Mary,M,9
yob2003.txt,Hillary,M,6
yob2004.txt,Mary,F,4810
yob2004.txt,Leslie,F,3499
yob2004.txt,Logan,F,900
yob2004.txt,Hillary,F,311
yob2004.txt,James,F,95
yob2004.txt,Donald,F,8
yob2004.txt,James,M,16463
yob2004.txt,Logan,M,13140
yob2004.txt,Donald,M,1250
yob2004.txt,Leslie,M,90
yob2004.txt,Mary,M,31
yob2005.txt,Mary,F,4459
yob2005.txt,Leslie,F,3122
yob2005.txt,Logan,F,758
yob2005.txt,Hillary,F,285
yob2005.txt,James,F,26
yob2005.txt,James,M,16135
yob2005.txt,Logan,M,13471
yob2005.txt,Donald,M,1150
yob2005.txt,Leslie,M,102
yob2005.txt,Mary,M,10
yob2006.txt,Mary,F,4091
yob2006.txt,Leslie,F,3036
yob2006.txt,Logan,F,737
yob2006.txt,Hillary,F,265
yob2006.txt,James,F,46
yob2006.txt,James,M,16239
yob2006.txt,Logan,M,15145
yob2006.txt,Donald,M,1098
yob2006.txt,Leslie,M,82
yob2006.txt,Mary,M,10
yob2007.txt,Mary,F,3686
yob2007.txt,Leslie,F,2690
yob2007.txt,Logan,F,708
yob2007.txt,Hillary,F,282
yob2007.txt,James,F,33
yob2007.txt,James,M,15962
yob2007.txt,Logan,M,15326
yob2007.txt,Donald,M,998
yob2007.txt,Leslie,M,82
yob2007.txt,Mary,M,10
yob2008.txt,Mary,F,3499
yob2008.txt,Leslie,F,2325
yob2008.txt,Logan,F,736
yob2008.txt,Hillary,F,412
yob2008.txt,James,F,32
yob2008.txt,James,M,15178
yob2008.txt,Logan,M,13853
yob2008.txt,Donald,M,991
yob2008.txt,Leslie,M,76
yob2008.txt,Hillary,M,6
yob2009.txt,Mary,F,3163
yob2009.txt,Leslie,F,1981
yob2009.txt,Logan,F,684
yob2009.txt,Hillary,F,200
yob2009.txt,James,F,51
yob2009.txt,Logan,M,14459
yob2009.txt,James,M,14208
yob2009.txt,Donald,M,838
yob2009.txt,Leslie,M,76
yob2010.txt,Mary,F,2871
yob2010.txt,Leslie,F,1565
yob2010.txt,Logan,F,620
yob2010.txt,Hillary,F,168
yob2010.txt,James,F,29
yob2010.txt,Logan,M,14022
yob2010.txt,James,M,13883
yob2010.txt,Donald,M,765
yob2010.txt,Leslie,M,47
yob2010.txt,Mary,M,5
yob2011.txt,Mary,F,2706
yob2011.txt,Leslie,F,1285
yob2011.txt,Logan,F,551
yob2011.txt,Hillary,F,166
yob2011.txt,James,F,30
yob2011.txt,James,M,13251
yob2011.txt,Logan,M,12990
yob2011.txt,Donald,M,787
yob2011.txt,Leslie,M,54
yob2012.txt,Mary,F,2576
yob2012.txt,Leslie,F,1224
yob2012.txt,Logan,F,682
yob2012.txt,Hillary,F,157
yob2012.txt,James,F,28
yob2012.txt,James,M,13426
yob2012.txt,Logan,M,12473
yob2012.txt,Donald,M,726
yob2012.txt,Leslie,M,50
yob2012.txt,Mary,M,6
yob2013.txt,Mary,F,2651
yob2013.txt,Leslie,F,1111
yob2013.txt,Logan,F,707
yob2013.txt,Hillary,F,154
yob2013.txt,James,F,28
yob2013.txt,James,M,13567
yob2013.txt,Logan,M,12351
yob2013.txt,Donald,M,708
yob2013.txt,Leslie,M,36
yob2014.txt,Mary,F,2632
yob2014.txt,Leslie,F,1000
yob2014.txt,Logan,F,830
yob2014.txt,Hillary,F,177
yob2014.txt,James,F,42
yob2014.txt,James,M,14431
yob2014.txt,Logan,M,13648
yob2014.txt,Donald,M,738
yob2014.txt,Leslie,M,61
yob2014.txt,Mary,M,5
yob2015.txt,Mary,F,2631
yob2015.txt,Leslie,F,878
yob2015.txt,Logan,F,834
yob2015.txt,Hillary,F,137
yob2015.txt,James,F,39
yob2015.txt,James,M,14824
yob2015.txt,Logan,M,12919
yob2015.txt,Donald,M,691
yob2015.txt,Leslie,M,54
yob2016.txt,Mary,F,2508
yob2016.txt,Logan,F,855
yob2016.txt,Leslie,F,803
yob2016.txt,Hillary,F,172
yob2016.txt,James,F,66
yob2016.txt,James,M,14862
yob2016.txt,Logan,M,11244
yob2016.txt,Donald,M,624
yob2016.txt,Leslie,M,45
yob2017.txt,Mary,F,2402
yob2017.txt,Logan,F,1103
yob2017.txt,Leslie,F,702
yob2017.txt,James,F,77
yob2017.txt,Hillary,F,63
yob2017.txt,James,M,14291
yob2017.txt,Logan,M,14014
yob2017.txt,Donald,M,600
yob2017.txt,Leslie,M,45
yob2018.txt,Mary,F,2327
yob2018.txt,Logan,F,1074
yob2018.txt,Leslie,F,597
yob2018.txt,Hillary,F,49
yob2018.txt,James,F,44
yob2018.txt,James,M,13525
yob2018.txt,Logan,M,12352
yob2018.txt,Donald,M,533
yob2018.txt,Leslie,M,37
